Precision_90,Recall_90,F1_Score_90,Precision_99,Recall_99,F1_Score_99,Precision_99.9,Recall_99.9,F1_Score_99.9
0.3732142857142857,0.6720257234726688,0.4799081515499426,0.9821428571428571,0.17684887459807075,0.2997275204359673,1.0,0.01929260450160772,0.03785488958990536
0.4035714285714286,0.6706231454005934,0.5039018952062431,1.0,0.1661721068249258,0.28498727735368956,1.0,0.02373887240356083,0.0463768115942029
0.38392857142857145,0.6595092024539877,0.4853273137697517,1.0,0.17177914110429449,0.2931937172774869,1.0,0.02147239263803681,0.042042042042042045
0.4017857142857143,0.6797583081570997,0.5050505050505051,1.0,0.1691842900302115,0.28940568475452194,1.0,0.021148036253776436,0.04142011834319527
0.37142857142857144,0.6645367412140575,0.4765177548682703,1.0,0.17891373801916932,0.3035230352303523,1.0,0.019169329073482427,0.03761755485893417
0.38571428571428573,0.6467065868263473,0.48322147651006714,1.0,0.16766467065868262,0.28717948717948716,1.0,0.020958083832335328,0.04105571847507331
0.375,0.670926517571885,0.48109965635738833,1.0,0.17891373801916932,0.3035230352303523,1.0,0.022364217252396165,0.04375
0.37857142857142856,0.6816720257234726,0.48679678530424797,0.9821428571428571,0.17684887459807075,0.2997275204359673,1.0,0.022508038585209004,0.0440251572327044
0.35714285714285715,0.6535947712418301,0.4618937644341801,1.0,0.1830065359477124,0.30939226519337015,1.0,0.0196078431372549,0.038461538461538464
0.375,0.6862745098039216,0.48498845265588914,0.9821428571428571,0.17973856209150327,0.30386740331491713,1.0,0.02287581699346405,0.04472843450479233
0.39285714285714285,0.6811145510835913,0.4983012457531144,1.0,0.17337461300309598,0.2955145118733509,1.0,0.02476780185758514,0.04833836858006042
0.3982142857142857,0.6737160120845922,0.500561167227834,0.9821428571428571,0.1661631419939577,0.2842377260981912,1.0,0.021148036253776436,0.04142011834319527
0.3625,0.6744186046511628,0.4715447154471545,1.0,0.18604651162790697,0.3137254901960784,1.0,0.019933554817275746,0.03908794788273615
0.4017857142857143,0.6838905775075987,0.5061867266591676,0.9821428571428571,0.16717325227963525,0.2857142857142857,1.0,0.0182370820668693,0.03582089552238806
0.4035714285714286,0.691131498470948,0.5095828635851184,1.0,0.1743119266055046,0.296875,1.0,0.021406727828746176,0.041916167664670656
0.3982142857142857,0.6861538461538461,0.503954802259887,1.0,0.1723076923076923,0.29396325459317585,1.0,0.018461538461538463,0.03625377643504532
0.3678571428571429,0.6912751677852349,0.4801864801864802,1.0,0.1912751677852349,0.3211267605633803,1.0,0.02348993288590604,0.04590163934426229
0.3607142857142857,0.6733333333333333,0.4697674418604651,0.9821428571428571,0.18333333333333332,0.3089887640449438,1.0,0.02,0.0392156862745098
0.3821428571428571,0.6750788643533123,0.4880273660205245,1.0,0.17665615141955837,0.3002680965147453,1.0,0.022082018927444796,0.043209876543209874
0.3982142857142857,0.6925465838509317,0.5056689342403629,0.9821428571428571,0.17080745341614906,0.291005291005291,1.0,0.018633540372670808,0.036585365853658534
0.375,0.6774193548387096,0.4827586206896552,1.0,0.18064516129032257,0.30601092896174864,1.0,0.02903225806451613,0.05642633228840126
0.37142857142857144,0.6459627329192547,0.47165532879818595,0.9821428571428571,0.17080745341614906,0.291005291005291,1.0,0.024844720496894408,0.048484848484848485
0.4,0.6892307692307692,0.5062146892655367,1.0,0.1723076923076923,0.29396325459317585,1.0,0.024615384615384615,0.04804804804804805
0.38571428571428573,0.6447761194029851,0.48268156424581005,1.0,0.16716417910447762,0.2864450127877238,1.0,0.01791044776119403,0.03519061583577713
0.36607142857142855,0.6788079470198676,0.4756380510440835,0.9821428571428571,0.18211920529801323,0.30726256983240224,1.0,0.023178807947019868,0.045307443365695796
0.36964285714285716,0.6509433962264151,0.4715261958997722,1.0,0.1761006289308176,0.2994652406417112,1.0,0.018867924528301886,0.037037037037037035
0.36428571428571427,0.6335403726708074,0.46258503401360546,1.0,0.17391304347826086,0.2962962962962963,1.0,0.021739130434782608,0.0425531914893617
0.3892857142857143,0.6546546546546547,0.48824188129899215,1.0,0.16816816816816818,0.2879177377892031,1.0,0.018018018018018018,0.035398230088495575
0.36964285714285716,0.667741935483871,0.47586206896551725,1.0,0.18064516129032257,0.30601092896174864,1.0,0.02258064516129032,0.04416403785488959
0.4,0.6787878787878788,0.503370786516854,1.0,0.1696969696969697,0.29015544041450775,1.0,0.01818181818181818,0.03571428571428571
0.4,0.6956521739130435,0.5079365079365079,0.9821428571428571,0.17080745341614906,0.291005291005291,1.0,0.018633540372670808,0.036585365853658534
0.3821428571428571,0.6970684039087948,0.4936562860438293,1.0,0.18241042345276873,0.3085399449035813,1.0,0.019543973941368076,0.038338658146964855
0.4,0.6871165644171779,0.5056433408577878,1.0,0.17177914110429449,0.2931937172774869,1.0,0.018404907975460124,0.03614457831325301
0.3821428571428571,0.6837060702875399,0.49026345933562426,1.0,0.17891373801916932,0.3035230352303523,1.0,0.025559105431309903,0.04984423676012461
0.39285714285714285,0.6790123456790124,0.497737556561086,1.0,0.1728395061728395,0.29473684210526313,1.0,0.018518518518518517,0.03636363636363636
0.38392857142857145,0.6677018633540373,0.4875283446712018,1.0,0.17391304347826086,0.2962962962962963,1.0,0.018633540372670808,0.036585365853658534
0.38392857142857145,0.6957928802588996,0.4948216340621404,1.0,0.18446601941747573,0.3114754098360656,1.0,0.025889967637540454,0.050473186119873815
0.4,0.6787878787878788,0.503370786516854,1.0,0.1696969696969697,0.29015544041450775,1.0,0.01818181818181818,0.03571428571428571
0.38571428571428573,0.6708074534161491,0.4897959183673469,0.9821428571428571,0.17080745341614906,0.291005291005291,1.0,0.021739130434782608,0.0425531914893617
0.37142857142857144,0.6540880503144654,0.47380410022779046,1.0,0.1761006289308176,0.2994652406417112,1.0,0.0220125786163522,0.043076923076923075
0.375,0.6885245901639344,0.48554913294797686,1.0,0.18360655737704917,0.31024930747922436,1.0,0.019672131147540985,0.03858520900321544
0.4232142857142857,0.6950146627565983,0.5260821309655938,0.9821428571428571,0.16129032258064516,0.2770780856423174,1.0,0.020527859237536656,0.040229885057471264
0.39107142857142857,0.6717791411042945,0.49435665914221216,1.0,0.17177914110429449,0.2931937172774869,1.0,0.024539877300613498,0.04790419161676647
0.3607142857142857,0.6558441558441559,0.46543778801843316,0.9821428571428571,0.17857142857142858,0.3021978021978022,1.0,0.022727272727272728,0.044444444444444446
0.3732142857142857,0.6875,0.4837962962962963,1.0,0.18421052631578946,0.3111111111111111,1.0,0.019736842105263157,0.03870967741935484
0.39464285714285713,0.6519174041297935,0.4916573971078977,1.0,0.16519174041297935,0.28354430379746837,1.0,0.02064896755162242,0.04046242774566474
0.35535714285714287,0.6419354838709678,0.4574712643678161,0.9821428571428571,0.1774193548387097,0.3005464480874317,1.0,0.02258064516129032,0.04416403785488959
0.38035714285714284,0.6513761467889908,0.48027057497181513,0.9821428571428571,0.16819571865443425,0.28720626631853785,1.0,0.021406727828746176,0.041916167664670656
0.35535714285714287,0.6546052631578947,0.46064814814814814,1.0,0.18421052631578946,0.3111111111111111,1.0,0.02631578947368421,0.05128205128205128
0.3892857142857143,0.6855345911949685,0.49658314350797267,0.9821428571428571,0.17295597484276728,0.29411764705882354,1.0,0.018867924528301886,0.037037037037037035
0.4035714285714286,0.6766467065868264,0.5055928411633109,1.0,0.16766467065868262,0.28717948717948716,1.0,0.020958083832335328,0.04105571847507331
0.3892857142857143,0.6566265060240963,0.48878923766816146,0.9821428571428571,0.16566265060240964,0.28350515463917525,1.0,0.02108433734939759,0.04129793510324484
0.4035714285714286,0.7040498442367601,0.5130533484676504,0.9821428571428571,0.17133956386292834,0.2917771883289125,1.0,0.018691588785046728,0.03669724770642202
0.38571428571428573,0.6687306501547987,0.48924122310305773,0.9824561403508771,0.17337461300309598,0.29473684210526313,1.0,0.021671826625386997,0.04242424242424243
0.3982142857142857,0.6696696696696697,0.49944008958566627,0.9821428571428571,0.16516516516516516,0.2827763496143959,1.0,0.021021021021021023,0.041176470588235294
0.3821428571428571,0.6666666666666666,0.4858115777525539,1.0,0.17445482866043613,0.29708222811671087,1.0,0.021806853582554516,0.042682926829268296
0.38392857142857145,0.6782334384858044,0.4903078677309008,1.0,0.17665615141955837,0.3002680965147453,1.0,0.01892744479495268,0.03715170278637771
0.4,0.6850152905198776,0.5050732807215332,1.0,0.1712538226299694,0.2924281984334204,1.0,0.024464831804281346,0.04776119402985075
0.3732142857142857,0.6551724137931034,0.47554038680318544,1.0,0.1755485893416928,0.2986666666666667,1.0,0.018808777429467086,0.036923076923076927
0.37857142857142856,0.6625,0.4818181818181818,0.9821428571428571,0.171875,0.2925531914893617,1.0,0.021875,0.04281345565749235
0.36607142857142855,0.6677524429967426,0.4728950403690888,1.0,0.18241042345276873,0.3085399449035813,1.0,0.019543973941368076,0.038338658146964855
0.4035714285714286,0.6975308641975309,0.5113122171945701,1.0,0.1728395061728395,0.29473684210526313,1.0,0.021604938271604937,0.04229607250755287
0.39464285714285713,0.6597014925373135,0.49385474860335193,1.0,0.16716417910447762,0.2864450127877238,1.0,0.01791044776119403,0.03519061583577713
0.36428571428571427,0.6868686868686869,0.47607934655775963,0.9821428571428571,0.18518518518518517,0.311614730878187,1.0,0.02356902356902357,0.046052631578947366
0.36964285714285716,0.69,0.4813953488372093,1.0,0.18666666666666668,0.3146067415730337,1.0,0.023333333333333334,0.04560260586319218
0.35714285714285715,0.6430868167202572,0.4592422502870264,1.0,0.18006430868167203,0.30517711171662126,1.0,0.022508038585209004,0.0440251572327044
0.38392857142857145,0.7142857142857143,0.4994192799070848,1.0,0.18604651162790697,0.3137254901960784,1.0,0.019933554817275746,0.03908794788273615
0.3625,0.6506410256410257,0.46559633027522934,0.9821428571428571,0.1762820512820513,0.29891304347826086,1.0,0.019230769230769232,0.03773584905660377
0.35,0.6363636363636364,0.45161290322580644,1.0,0.18181818181818182,0.3076923076923077,1.0,0.01948051948051948,0.03821656050955414
0.4035714285714286,0.6890243902439024,0.509009009009009,1.0,0.17073170731707318,0.2916666666666667,1.0,0.021341463414634148,0.041791044776119404
0.3535714285714286,0.6428571428571429,0.45622119815668205,1.0,0.18181818181818182,0.3076923076923077,1.0,0.022727272727272728,0.044444444444444446
0.3607142857142857,0.6688741721854304,0.46867749419953597,1.0,0.18543046357615894,0.3128491620111732,1.0,0.023178807947019868,0.045307443365695796
0.3892857142857143,0.6749226006191951,0.49377123442808607,1.0,0.17337461300309598,0.2955145118733509,1.0,0.021671826625386997,0.04242424242424243
0.3625,0.6506410256410257,0.46559633027522934,0.9821428571428571,0.1762820512820513,0.29891304347826086,1.0,0.02564102564102564,0.05
0.3607142857142857,0.689419795221843,0.47362250879249707,1.0,0.19112627986348124,0.3209169054441261,1.0,0.023890784982935155,0.04666666666666667
0.3732142857142857,0.6852459016393443,0.48323699421965316,0.9821428571428571,0.18032786885245902,0.3047091412742382,1.0,0.022950819672131147,0.04487179487179487
0.37857142857142856,0.6773162939297125,0.4856815578465063,1.0,0.17891373801916932,0.3035230352303523,1.0,0.025559105431309903,0.04984423676012461
0.3892857142857143,0.7032258064516129,0.5011494252873563,1.0,0.18064516129032257,0.30601092896174864,1.0,0.01935483870967742,0.0379746835443038
0.38571428571428573,0.6792452830188679,0.4920273348519362,1.0,0.1761006289308176,0.2994652406417112,1.0,0.02830188679245283,0.05504587155963303
0.37857142857142856,0.6503067484662577,0.4785553047404063,0.9824561403508771,0.17177914110429449,0.2924281984334204,1.0,0.02147239263803681,0.042042042042042045
0.3982142857142857,0.6882716049382716,0.504524886877828,1.0,0.1728395061728395,0.29473684210526313,1.0,0.018518518518518517,0.03636363636363636
0.37142857142857144,0.6439628482972136,0.4711211778029445,1.0,0.17337461300309598,0.2955145118733509,1.0,0.02786377708978328,0.05421686746987952
0.35535714285714287,0.6768707482993197,0.46604215456674475,1.0,0.19047619047619047,0.32,1.0,0.027210884353741496,0.052980132450331126
0.37142857142857144,0.6819672131147541,0.48092485549132946,1.0,0.18360655737704917,0.31024930747922436,1.0,0.022950819672131147,0.04487179487179487
0.39107142857142857,0.6738461538461539,0.49491525423728816,1.0,0.1723076923076923,0.29396325459317585,1.0,0.018461538461538463,0.03625377643504532
0.36428571428571427,0.6375,0.4636363636363636,0.9824561403508771,0.175,0.29708222811671087,1.0,0.01875,0.03680981595092025
0.3875,0.7045454545454546,0.5,1.0,0.18181818181818182,0.3076923076923077,1.0,0.022727272727272728,0.044444444444444446
0.39107142857142857,0.6865203761755486,0.49829351535836175,1.0,0.1755485893416928,0.2986666666666667,1.0,0.0219435736677116,0.04294478527607362
0.3607142857142857,0.6474358974358975,0.463302752293578,1.0,0.1794871794871795,0.30434782608695654,1.0,0.019230769230769232,0.03773584905660377
0.4142857142857143,0.7051671732522796,0.5219347581552306,1.0,0.1702127659574468,0.2909090909090909,1.0,0.0182370820668693,0.03582089552238806
0.3875,0.6575757575757576,0.48764044943820223,0.9821428571428571,0.16666666666666666,0.2849740932642487,1.0,0.01818181818181818,0.03571428571428571
0.38035714285714284,0.684887459807074,0.4890929965556831,0.9821428571428571,0.17684887459807075,0.2997275204359673,1.0,0.01929260450160772,0.03785488958990536
0.3821428571428571,0.6815286624203821,0.4897025171624714,1.0,0.18152866242038215,0.30727762803234504,1.0,0.01910828025477707,0.0375
0.3625,0.6403785488958991,0.4629418472063854,0.9821428571428571,0.17350157728706625,0.2949061662198391,1.0,0.01892744479495268,0.03715170278637771
0.38035714285714284,0.6915584415584416,0.49078341013824883,0.9821428571428571,0.17857142857142858,0.3021978021978022,1.0,0.025974025974025976,0.05063291139240506
0.3964285714285714,0.6851851851851852,0.502262443438914,1.0,0.1728395061728395,0.29473684210526313,1.0,0.018518518518518517,0.03636363636363636
0.3678571428571429,0.6319018404907976,0.4650112866817156,0.9821428571428571,0.1687116564417178,0.2879581151832461,1.0,0.018404907975460124,0.03614457831325301
0.3678571428571429,0.673202614379085,0.47575057736720555,0.9821428571428571,0.17973856209150327,0.30386740331491713,1.0,0.029411764705882353,0.05714285714285714
0.39285714285714285,0.7028753993610224,0.5040091638029782,1.0,0.17891373801916932,0.3035230352303523,1.0,0.019169329073482427,0.03761755485893417
0.39285714285714285,0.6707317073170732,0.4954954954954955,1.0,0.17073170731707318,0.2916666666666667,1.0,0.021341463414634148,0.041791044776119404
